Programme,p3_mu_neutral,p3_sigma_neutral,upto_p2_cost_neutral,p3_cost_neutral,eNPV_neutral,p3_mu_good,p3_sigma_good,p3_cost_good,eNPV_good,p3_mu_bad,p3_sigma_bad,p3_cost_bad,eNPV_bad
C,20,49.49747468305833,239400.0,272600,868072.9428091922,24.0,39.59797974644667,194000,1094520.6334582153,17.0,54.447222151364166,318800,528833.4291817755
F,22,67.88225099390856,255350.0,351280,1009196.72968118,26.4,54.30580079512685,243400,1413387.4742420006,18.7,74.67047609329941,413920,102419.17762348428
K,26,59.39696961966999,215750.0,254208,1363748.4773949808,31.2,47.51757569573599,194448,1609807.1864021197,22.1,65.33666658163699,296040,927765.5134404908
N,31,74.95331880577403,255780.0,294536,1692629.7157019232,37.2,59.962655044619225,224048,1965272.159034235,26.35,82.44865068635144,344376,1206597.6036339034
P,34,84.8528137423857,292520.0,340944,1844900.1392410065,40.8,67.88225099390857,245712,2138422.374686393,28.9,93.33809511662427,398544,1409691.8899298415
Y,23,59.39696961966999,146560.0,226380,267487.1930054825,27.6,47.51757569573599,156240,392269.5601879209,19.55,65.33666658163699,267120,154898.6788692003
AC,23,57.982756057296896,142220.0,214956,285314.6560409438,27.6,46.38620484583752,149228,406834.7963987766,19.55,63.78103166302659,253644,174046.91454285465
AH,26,63.63961030678928,139400.0,199880,338631.5262597962,31.2,50.91168824543143,140040,457031.1919298292,22.1,70.00357133746822,235080,209426.81491995265
