Programme,N_3_max,eNPV,p_3eSS,assurance,N2,upto_p2_cost,p3_cost,total_cost
E,368,2653033.7035635854,184.0,0.803,144.0,291200.0,204840.0,556040.0
H,364,2263791.086844072,182.0,0.819,142.0,266320.0,195952.0,518272.0
M,284,2113601.9133692286,142.0,0.755,110.0,227000.0,155424.0,434424.0
R,348,1925810.5689096148,174.0,0.739,134.0,242580.0,182280.0,476860.0
