Programme,N_3_max,eNPV,p_3eSS,assurance,N2,upto_p2_cost,p3_cost,total_cost
E,368,2653033.7035635854,184.0,0.803,144.0,291200.0,204840.0,556040.0
M,272,2087260.094534364,136.0,0.746,110.0,227000.0,151392.0,430392.0
P,300,2404001.913272925,150.0,0.703,132.0,292520.0,181200.0,537720.0
R,340,2035981.676858218,170.0,0.772,134.0,242580.0,179400.0,473980.0
