Programme,p2_mu,p2_sigma,p3_mu,p3_sigma,N_3_max,eNPV,p_3eSS,assurance,N2,upto_p2_cost,p3_cost,total_cost
AA,21,39,25.2,44.123463146040564,143,397442.4246021615,143,0.6094926283534339,168.0,140620.0,90488,248108.0
