Programme,p2_mu,p2_sigma,p3_mu,p3_sigma,N_3_max,eNPV,p_3eSS,assurance,N2,upto_p2_cost,p3_cost,total_cost
AA,21,39,21,55.154328932550705,124,336153.0906904732,124,0.5518866959622163,168.0,140620.0,82584,240204.0
