Programme,p2_mu,p2_sigma,p3_mu,p3_sigma,N_3_max,eNPV,p_3eSS,assurance,N2,upto_p2_cost,p3_cost,total_cost
AH,26,45,26,63.63961030678928,127,402057.4179773346,127,0.5639420370701399,140.0,139400.0,89880,247280.0
AB,25,44,25,62.22539674441618,127,390016.33478087804,127,0.5612894386364198,148.0,139260.0,87864,245124.0
AC,23,41,23,57.982756057296896,127,367125.712496719,127,0.5592956134658071,164.0,142220.0,84332,243552.0
AF,24,43,24,60.81118318204309,126,366176.114781972,126,0.5581255121455698,160.0,140800.0,85424,243224.0
AI,23,42,23,59.39696961966999,128,359746.0352411814,128,0.5559768304937679,172.0,145560.0,84748,247308.0
AA,21,39,21,55.154328932550705,124,336153.0906904732,124,0.5518866959622163,168.0,140620.0,82584,240204.0
AE,21,38,21,53.74011537017761,122,326634.24045526795,122,0.5550122425288383,184.0,147560.0,81752,246312.0
AG,20,37,20,52.32590180780452,124,320287.4031786227,124,0.5524634887575973,174.0,139300.0,79600,234900.0
AD,18,35,18,49.49747468305833,120,293649.4622373829,120,0.5435418874658084,180.0,140000.0,77960,233960.0
