Programme,N_3_max,eNPV,p_3eSS,assurance,N2,upto_p2_cost,p3_cost,total_cost
E,368,2653033.7035635854,184.0,0.803,144.0,291200.0,204840.0,556040.0
F,812,1942129.6058175052,406.0,0.905,158.0,255350.0,334576.0,637926.0
H,364,2263791.0868440717,182.0,0.819,142.0,266320.0,195952.0,518272.0
I,376,1030921.3273847401,188.0,0.647,148.0,235660.0,186096.0,467756.0
M,284,2113601.9133692286,142.0,0.755,110.0,227000.0,155424.0,434424.0
O,356,1551087.959604715,178.0,0.802,140.0,217900.0,171192.0,439092.0
P,340,2547653.9085849756,170.0,0.741,132.0,292520.0,196560.0,553080.0
R,348,1925810.5689096148,174.0,0.739,134.0,242580.0,182280.0,476860.0
