Programme,p2_mu,p2_sigma,p3_mu,p3_sigma,N_3_max,eNPV,p_3eSS,assurance,N2,upto_p2_cost,p3_cost,total_cost
AH,26,45,31.2,50.91168824543143,145,470817.3480343141,145,0.6259993770297867,140.0,139400.0,97800,255200.0
AB,25,44,30.0,49.78031739553295,145,456223.9057955274,145,0.6221783899918728,148.0,139260.0,95640,252900.0
AC,23,41,27.599999999999998,46.38620484583752,147,429988.69439938106,147,0.6200577886349031,164.0,142220.0,92652,251872.0
AF,24,43,28.799999999999997,48.64894654563447,144,428528.6571731514,144,0.6177821692029342,160.0,140800.0,93056,250856.0
AI,23,42,27.599999999999998,47.51757569573599,147,420767.5561933059,147,0.61470970862286,172.0,145560.0,92652,255212.0
AA,21,39,25.2,44.123463146040564,143,397442.4246021615,143,0.6094926283534339,168.0,140620.0,90488,248108.0
AE,21,38,25.2,42.99209229614209,140,384501.853549885,140,0.6139933973348273,184.0,147560.0,89240,253800.0
AG,20,37,24.0,41.860721446243616,142,379466.9224521911,142,0.6099350177638828,174.0,139300.0,86800,242100.0
AD,18,35,21.599999999999998,39.59797974644667,140,354950.4297331729,140,0.5985211136023838,180.0,140000.0,86120,242120.0
