Programme,p2_mu,p2_sigma,p3_mu,p3_sigma,N_3_max,eNPV,p_3eSS,assurance,N2,upto_p2_cost,p3_cost,total_cost
C,20,35,24.0,39.59797974644667,235,1094520.6334582153,235,0.6469861500506043,136.0,239400.0,194000,455400.0
F,22,48,26.4,54.30580079512685,275,1413387.4742420006,275,0.6084481463644383,158.0,255350.0,243400,522750.0
K,26,42,31.2,47.51757569573599,207,1609807.1864021197,207,0.6599387876232211,110.0,215750.0,194448,435198.0
N,31,53,37.199999999999996,59.962655044619225,229,1965272.159034235,229,0.651142194398854,122.0,255780.0,224048,508828.0
P,34,60,40.8,67.88225099390857,234,2138422.374686393,234,0.6449381356763683,132.0,292520.0,245712,570232.0
Y,23,42,27.599999999999998,47.51757569573599,297,392269.5601879209,297,0.6470738841145224,172.0,146560.0,156240,319300.0
AC,23,41,27.599999999999998,46.38620484583752,283,406834.7963987766,283,0.6504505577554782,164.0,142220.0,149228,308448.0
AH,26,45,31.2,50.91168824543143,241,457031.1919298292,241,0.6505333480167352,140.0,139400.0,140040,297440.0
