Programme,p2_mu,p2_sigma,p3_mu,p3_sigma,N_3_max,eNPV,p_3eSS,assurance,N2,upto_p2_cost,p3_cost,total_cost
C,20,35,17.0,54.447222151364166,443,528833.4291817755,443,0.5760490440532292,136.0,239400.0,318800,580200.0
F,22,48,18.7,74.67047609329941,520,102419.17762348428,520,0.5554104558133129,158.0,255350.0,413920,693270.0
K,26,42,22.099999999999998,65.33666658163699,360,927765.5134404907,360,0.5810626291778025,110.0,215750.0,296040,536790.0
N,31,53,26.349999999999998,82.44865068635144,398,1206597.6036339034,398,0.5763360819287282,122.0,255780.0,344376,629156.0
P,34,60,28.9,93.33809511662429,433,1409691.8899298417,433,0.5744910705276894,132.0,292520.0,398544,723064.0
Y,23,42,19.55,65.33666658163699,561,154898.6788692003,561,0.5762097129265212,172.0,146560.0,267120,430180.0
AC,23,41,19.55,63.78103166302659,534,174046.91454285465,534,0.5780141744966653,164.0,142220.0,253644,412864.0
AH,26,45,22.099999999999998,70.00357133746822,457,209426.81491995265,457,0.5781302591809524,140.0,139400.0,235080,392480.0
