Programme,p2_mu,p2_sigma,p3_mu,p3_sigma,N_3_max,eNPV,p_3eSS,assurance,N2,upto_p2_cost,p3_cost,total_cost
AH,26,45,22.099999999999998,70.00357133746822,111,311698.5532969716,111,0.5301358465462367,140.0,139400.0,82840,240240.0
AB,25,44,21.25,68.44793641885781,112,307674.3638391511,112,0.5284896514589823,148.0,139260.0,81384,238644.0
AC,23,41,19.55,63.78103166302659,114,297745.8182482666,114,0.5277664859192571,164.0,142220.0,78924,238144.0
AF,24,43,20.4,66.8923015002474,113,292620.2449953726,113,0.5267407277655012,160.0,140800.0,79912,237712.0
AI,23,42,19.55,65.33666658163699,115,291475.5298516215,115,0.5252903105815309,172.0,145560.0,79340,241900.0
AE,21,38,17.849999999999998,59.11412690719538,122,269125.3949406507,122,0.5290877540869653,184.0,147560.0,81752,246312.0
AA,21,39,17.849999999999998,60.66976182580578,112,251926.38970228191,112,0.5220715680855131,168.0,140620.0,77592,235212.0
AG,20,37,17.0,57.558491988584976,115,244652.94811622024,115,0.523761221724519,174.0,139300.0,76000,231300.0
AD,18,35,15.299999999999999,54.447222151364166,120,199455.73246250127,120,0.5200501691270618,180.0,140000.0,77960,233960.0
